{
  "original_stats": {
    "mean": 253.399775,
    "std": 17.62352702921225,
    "min": 1,
    "max": 255
  },
  "denoised_stats": {
    "mean": 254.2391,
    "std": 9.609640013548892,
    "min": 26,
    "max": 255
  },
  "enhanced_stats": {
    "mean": 254.19201666666666,
    "std": 10.030165149839533,
    "min": 26,
    "max": 255
  },
  "standardized_stats": {
    "mean": 254.19201666666666,
    "std": 10.030165149839533,
    "min": 26,
    "max": 255
  }
}